{
  "hash": "fdaf0b9c",
  "browserHash": "b2a3b690",
  "optimized": {
    "@angular/core": {
      "src": "../../../../../node_modules/@angular/core/fesm2022/core.mjs",
      "file": "@angular_core.js",
      "fileHash": "1ce0bf4e",
      "needsInterop": false
    },
    "@angular/platform-browser": {
      "src": "../../../../../node_modules/@angular/platform-browser/fesm2022/platform-browser.mjs",
      "file": "@angular_platform-browser.js",
      "fileHash": "127c0480",
      "needsInterop": false
    },
    "@angular/router": {
      "src": "../../../../../node_modules/@angular/router/fesm2022/router.mjs",
      "file": "@angular_router.js",
      "fileHash": "405087c0",
      "needsInterop": false
    },
    "@angular/common": {
      "src": "../../../../../node_modules/@angular/common/fesm2022/common.mjs",
      "file": "@angular_common.js",
      "fileHash": "f73304fe",
      "needsInterop": false
    },
    "@angular/common/http": {
      "src": "../../../../../node_modules/@angular/common/fesm2022/http.mjs",
      "file": "@angular_common_http.js",
      "fileHash": "2785606b",
      "needsInterop": false
    },
    "@angular/forms": {
      "src": "../../../../../node_modules/@angular/forms/fesm2022/forms.mjs",
      "file": "@angular_forms.js",
      "fileHash": "801a1fa8",
      "needsInterop": false
    },
    "sweetalert2": {
      "src": "../../../../../node_modules/sweetalert2/dist/sweetalert2.all.js",
      "file": "sweetalert2.js",
      "fileHash": "244dc37b",
      "needsInterop": true
    }
  },
  "chunks": {
    "chunk-2BHRC4ZO": {
      "file": "chunk-2BHRC4ZO.js"
    },
    "chunk-ENFUJOL7": {
      "file": "chunk-ENFUJOL7.js"
    },
    "chunk-FPLU35B5": {
      "file": "chunk-FPLU35B5.js"
    },
    "chunk-NHYMGCMM": {
      "file": "chunk-NHYMGCMM.js"
    },
    "chunk-OXCW2X5T": {
      "file": "chunk-OXCW2X5T.js"
    }
  }
}